Product (per 100g),Total Energy (kcal),Protein (g),Carbs (g),Sugars (g),Fiber (g),Fat (g),Sodium (mg)
Boiled Egg (Ubla Anda),45.35,4.43,0.12,0.00,0.11,3.04,170.94
Boiled Rice (Uble Chawal),117.19,2.60,25.72,0.22,1.25,0.18,1.05
Butter Milk,15.00,0.80,0.50,-,-,1.10,0.00
Bengal Gram_ Roasted,369.00,22.50,58.10,-,1.00,5.20,-
Beans_ Chick Peas_ Kabuli_ Whole_ Dried_ Raw,320.00,21.30,49.60,2.60,0.00,5.40,39.00
Chickpeas (Garbanzo Beans_ Bengal Gram)_ Mature Seeds_ Raw,378.00,20.50,63.00,10.70,12.20,6.04,24.00
Chicken Pakora/Pakoda,590.09,6.03,4.55,0.22,0.96,60.98,103.23
Groundnut Roasted,570.00,26.20,26.70,-,3.10,39.80,-
Peas Roasted,340.00,22.90,58.80,-,4.40,1.40,14.70
Baked Stuffed Fish,121.96,16.14,2.12,0.35,0.38,5.43,74.36
Fish Finger,542.90,5.66,4.47,0.17,0.34,55.82,103.55
Salami,438.00,20.90,0.50,0.50,0.40,39.20,1530.00
Chicken Salad,338.19,15.33,1.30,0.96,2.00,30.26,50.62
Pasta_ White_ Dried_ Raw,343.00,11.30,75.60,2.10,0.00,1.60,2.00
Pasta_ White_ Dried_ Raw,343.00,11.30,75.60,2.10,0.00,1.60,2.00
Pasta Salad,190.36,4.15,12.70,2.60,0.96,13.92,152.31
Home Made Plain Noodles,238.78,6.21,44.50,1.07,1.65,3.56,182.07
Raw Mango Chutney (Kachhe Aam/Kairi Ki Chutney),193.13,0.51,49.94,45.22,2.17,0.16,480.68
Tomato Chutney (Tamatar Ki Chutney),176.07,0.97,31.85,30.02,1.49,6.01,823.65
Schezwan Chutney,205.19,3.33,10.79,5.66,5.72,17.72,486.27
Green Chutney,79.42,5.42,10.01,0.92,5.84,1.60,262.81
Tomato Sauce,34.33,0.81,7.23,5.69,1.79,0.27,174.79
Tomato Ketchup,115.00,1.60,28.60,27.50,0.90,0.10,800.00
Mayonnaise_ Standard_ Retail,686.00,1.10,2.40,2.40,0.00,74.80,131.00
Low Calorie Quick Mayonnaise,242.89,1.41,4.71,0.83,0.06,24.35,165.94
Tomato Onion Raita (Tamatar Aur Pyaaz Ka Raita),59.00,3.74,7.08,5.98,0.97,1.84,165.21
Onion Tomato Uttapam,462.02,1.91,11.32,0.80,1.26,45.30,143.53
Plain Dosa,380.91,10.34,64.08,0.70,5.23,8.43,142.98
Fermented Bengal Gram Vada (Khameerikrit/Ufna Hua Channa Dal Ka Vada),657.57,4.05,8.68,0.35,2.65,67.19,63.87
Lentil Soup,31.17,9.65,3.94,1.06,2.57,11.68,10418.84
Lentils And Semolina Porridge (Dal Suji Porridge/Daliya),117.29,3.26,23.19,13.84,1.44,1.06,9.64
Brinjal-14 (Solanum Melongena),25.33,1.56,3.27,0.88,3.87,0.35,3.71
Brinjal – All Varieties (Solanum Melongena),25.33,1.48,3.52,0.97,3.98,0.32,3.55
Cream Of Carrot Soup,59.77,8.27,5.69,1.77,1.98,12.35,8694.79
Carrot Halwa (Gajar Ka Halwa),172.64,3.11,18.53,16.85,2.65,9.73,39.96
Stuffed Capsicum (Bharwa Shimla Mirch),90.94,1.34,8.26,1.21,2.01,5.70,173.94
Capsicum_ Green (Capsicum Annuum),16.25,1.11,1.84,0.86,2.06,0.34,1.84
Capsicum_ Red (Capsicum Annuum),19.84,1.47,2.14,0.93,2.19,0.47,1.70
Capsicum_ Yellow (Capsicum Annuum),18.64,1.35,1.95,0.97,2.19,0.41,1.56
Chillies Dry,246.00,15.90,31.60,-,30.20,6.20,14.00
Chillies_ Green – All Varieties (Capsicum Annum),42.30,2.36,5.86,0.67,4.77,0.72,2.50
Pitted Black Olives,133.00,0.00,6.67,0.00,0.00,13.33,800.00
Oil_ Olive,899.00,0.00,0.00,0.00,0.00,99.90,0.00
Butter_ Salted,744.00,0.60,0.60,0.60,0.00,82.20,730.00
Butter_ Unsalted,744.00,0.60,0.60,0.60,0.00,82.20,8.00
Ghee_ Butter,878.00,0.10,0.00,0.00,0.00,97.60,1.00
Peanut Butter_ Smooth,607.00,22.80,13.10,6.70,6.60,51.80,350.00
Chocolate_ Plain,510.00,5.00,63.50,62.60,0.00,28.00,6.00
Cashew Nut (Anacardium Occidentale),582.68,18.78,25.46,3.11,3.86,45.20,9.00
Mixed Nuts (Cashews_ Almonds_ Hazelnuts_ Pistachios_ Pecans),607.00,17.86,25.00,3.57,7.10,50.00,286.00
Almond (Prunus Amygdalus),609.21,18.41,3.04,2.23,13.06,58.49,1.50
Pistachio Nuts (Pistacla Vera),539.42,23.35,15.82,7.90,10.64,42.49,6.93
Pumpkin Seeds,565.00,24.40,15.20,1.10,0.00,45.60,18.00
Sunflower Seeds (Helianthus Annuus),586.27,23.53,6.85,2.81,10.80,51.85,1.90
Chia Seeds,534.00,18.29,28.88,1.55,27.30,42.16,30.00
Fennel Seeds,0.00,15.80,0.00,0.00,0.00,14.90,88.00
Sesame Seeds,598.00,18.20,0.90,0.40,0.00,58.00,20.00
Seeds_ Lotus Seeds_ Dried,332.00,15.40,64.50,0.00,0.00,1.97,5.00
Cumin Seeds Baghar (Jeera Baghar/Tadka),736.81,3.34,5.22,0.49,6.01,78.77,177.58
Black Beans,55.00,3.94,15.80,0.00,5.50,0.79,496.00
Baked Potato With Skin,135.77,3.43,11.11,1.66,1.20,8.50,354.50
Cauliflower Basket,90.95,5.21,3.97,1.47,2.40,5.88,194.22
Tomatoes_ Cherry_ Raw,22.00,1.10,3.60,3.60,1.30,0.50,4.00
Bananas_ Raw_ Flesh Only_ Weighed With Skin,51.00,0.80,12.80,11.40,0.90,0.00,0.00
Appam,267.70,3.12,13.28,4.16,6.19,22.63,26.59
Prawns_ Small (Macrobrachium Sp.),70.98,13.07,-,-,-,0.78,77.71
Prawns_ Big (Macrobrachium Rosenbergii),90.82,19.24,-,-,-,0.52,849.00
Pickled Cabbage,13.69,0.39,2.56,2.08,0.61,0.14,121.39
Cabbage Raita (Pattagobhi Raita),84.84,3.24,5.25,4.21,0.93,5.76,125.31
Cabbage_ Chinese (Brassica Rupa),17.93,1.58,2.36,0.42,2.01,0.13,20.28
Cabbage_ Collard Greens (Brassica Oleracea Var. Viridis),30.11,3.63,2.79,0.76,2.98,0.27,22.98
Cabbage_ Green (Brassica Oleracea Var. Capitata F. Alba),21.51,1.36,3.25,1.00,2.76,0.12,14.98
Cabbage_ Violet (Brassica Oleracea Var. Capitata F. Rubra),23.18,1.39,3.54,0.80,2.21,0.21,24.00
Broccoli_ Green_ Raw,34.00,4.30,3.20,1.90,4.00,0.60,9.00
Yogurt_ Whole Milk_ Plain,79.00,5.70,7.80,7.80,0.00,3.00,80.00
Cucumber_ Green_ Elongate (Cucumis Sativus),19.60,0.71,3.48,0.27,2.14,0.16,6.33
Cucumber_ Green_ Short (Cucumis Sativus),17.45,0.83,2.82,0.21,2.13,0.18,6.11
Coffee_ Powder_ Instant,75.00,14.60,4.50,0.00,0.00,0.00,81.00
Tea_ Black_ Infusion_ Average,0.00,0.10,0.00,0.00,0.00,0.00,0.00
Tea_ Green_ Infusion,0.00,0.10,0.00,0.00,0.00,0.00,1.00
Tofu_ Soya Bean_ Steamed,73.00,8.10,0.70,0.30,0.00,4.20,4.00
Bread_ Brown_ Average,207.00,7.90,42.10,3.40,5.00,2.00,400.00
Bread_ Brown_ Toasted,266.00,10.10,54.00,4.40,6.40,2.60,513.00
Bread_ White_ Average,236.00,8.70,48.70,3.00,2.90,2.10,400.00
Caramel Custard (Baked),122.70,5.11,14.95,14.92,0.00,5.01,44.78
